Term,Year,Count
Cultural Marxism,2010,0
Cultural Marxism,2011,0
Cultural Marxism,2012,0
Cultural Marxism,2013,0
Cultural Marxism,2014,5
Cultural Marxism,2015,5
Cultural Marxism,2016,1
Cultural Marxism,2017,6
Cultural Marxism,2018,11
Cultural Marxism,2019,9
Cultural Marxism,2020,22
Cultural Marxism,2021,15
Cultural Marxism,2022,6
Cultural Marxism,2023,39
Cultural Marxism,2024,38
Socialism,2010,0
Socialism,2011,0
Socialism,2012,0
Socialism,2013,0
Socialism,2014,0
Socialism,2015,1
Socialism,2016,0
Socialism,2017,1
Socialism,2018,5
Socialism,2019,22
Socialism,2020,38
Socialism,2021,39
Socialism,2022,24
Socialism,2023,41
Socialism,2024,42
Communism,2010,0
Communism,2011,0
Communism,2012,0
Communism,2013,0
Communism,2014,0
Communism,2015,0
Communism,2016,0
Communism,2017,2
Communism,2018,9
Communism,2019,19
Communism,2020,38
Communism,2021,34
Communism,2022,21
Communism,2023,48
Communism,2024,51
Globalists,2010,0
Globalists,2011,0
Globalists,2012,0
Globalists,2013,0
Globalists,2014,0
Globalists,2015,0
Globalists,2016,1
Globalists,2017,5
Globalists,2018,7
Globalists,2019,4
Globalists,2020,8
Globalists,2021,9
Globalists,2022,30
Globalists,2023,31
Globalists,2024,42
Deep State,2010,0
Deep State,2011,0
Deep State,2012,0
Deep State,2013,0
Deep State,2014,0
Deep State,2015,0
Deep State,2016,0
Deep State,2017,4
Deep State,2018,17
Deep State,2019,8
Deep State,2020,19
Deep State,2021,14
Deep State,2022,19
Deep State,2023,33
Deep State,2024,70
Open Borders,2010,0
Open Borders,2011,0
Open Borders,2012,0
Open Borders,2013,0
Open Borders,2014,1
Open Borders,2015,2
Open Borders,2016,4
Open Borders,2017,3
Open Borders,2018,10
Open Borders,2019,12
Open Borders,2020,12
Open Borders,2021,15
Open Borders,2022,27
Open Borders,2023,28
Open Borders,2024,72
Woke,2010,0
Woke,2011,0
Woke,2012,0
Woke,2013,0
Woke,2014,0
Woke,2015,0
Woke,2016,0
Woke,2017,0
Woke,2018,2
Woke,2019,7
Woke,2020,2
Woke,2021,5
Woke,2022,17
Woke,2023,73
Woke,2024,124
Woke Mind Virus,2010,0
Woke Mind Virus,2011,0
Woke Mind Virus,2012,0
Woke Mind Virus,2013,0
Woke Mind Virus,2014,0
Woke Mind Virus,2015,0
Woke Mind Virus,2016,0
Woke Mind Virus,2017,0
Woke Mind Virus,2018,0
Woke Mind Virus,2019,0
Woke Mind Virus,2020,2
Woke Mind Virus,2021,0
Woke Mind Virus,2022,40
Woke Mind Virus,2023,69
Woke Mind Virus,2024,123
Critical Race Theory,2010,0
Critical Race Theory,2011,0
Critical Race Theory,2012,0
Critical Race Theory,2013,0
Critical Race Theory,2014,0
Critical Race Theory,2015,0
Critical Race Theory,2016,0
Critical Race Theory,2017,0
Critical Race Theory,2018,0
Critical Race Theory,2019,0
Critical Race Theory,2020,7
Critical Race Theory,2021,125
Critical Race Theory,2022,53
Critical Race Theory,2023,19
Critical Race Theory,2024,13
DEI,2010,0
DEI,2011,0
DEI,2012,0
DEI,2013,0
DEI,2014,0
DEI,2015,0
DEI,2016,0
DEI,2017,1
DEI,2018,0
DEI,2019,1
DEI,2020,1
DEI,2021,3
DEI,2022,10
DEI,2023,31
DEI,2024,192
Antifa,2010,0
Antifa,2011,0
Antifa,2012,0
Antifa,2013,0
Antifa,2014,0
Antifa,2015,0
Antifa,2016,0
Antifa,2017,7
Antifa,2018,4
Antifa,2019,20
Antifa,2020,44
Antifa,2021,34
Antifa,2022,26
Antifa,2023,19
Antifa,2024,18
The Great Replacement,2010,0
The Great Replacement,2011,0
The Great Replacement,2012,0
The Great Replacement,2013,0
The Great Replacement,2014,0
The Great Replacement,2015,0
The Great Replacement,2016,0
The Great Replacement,2017,0
The Great Replacement,2018,2
The Great Replacement,2019,8
The Great Replacement,2020,5
The Great Replacement,2021,9
The Great Replacement,2022,51
The Great Replacement,2023,40
The Great Replacement,2024,92
SJW,2010,0
SJW,2011,0
SJW,2012,0
SJW,2013,0
SJW,2014,3
SJW,2015,4
SJW,2016,4
SJW,2017,9
SJW,2018,15
SJW,2019,15
SJW,2020,29
SJW,2021,16
SJW,2022,21
SJW,2023,17
SJW,2024,12
Gender Ideology,2010,0
Gender Ideology,2011,0
Gender Ideology,2012,0
Gender Ideology,2013,0
Gender Ideology,2014,0
Gender Ideology,2015,0
Gender Ideology,2016,2
Gender Ideology,2017,1
Gender Ideology,2018,1
Gender Ideology,2019,0
Gender Ideology,2020,0
Gender Ideology,2021,6
Gender Ideology,2022,26
Gender Ideology,2023,77
Gender Ideology,2024,103
Transgender Agenda,2010,0
Transgender Agenda,2011,0
Transgender Agenda,2012,0
Transgender Agenda,2013,0
Transgender Agenda,2014,0
Transgender Agenda,2015,3
Transgender Agenda,2016,4
Transgender Agenda,2017,9
Transgender Agenda,2018,11
Transgender Agenda,2019,15
Transgender Agenda,2020,13
Transgender Agenda,2021,24
Transgender Agenda,2022,29
Transgender Agenda,2023,43
Transgender Agenda,2024,14
Cultural Elites,2010,1
Cultural Elites,2011,0
Cultural Elites,2012,2
Cultural Elites,2013,0
Cultural Elites,2014,2
Cultural Elites,2015,3
Cultural Elites,2016,4
Cultural Elites,2017,1
Cultural Elites,2018,6
Cultural Elites,2019,9
Cultural Elites,2020,39
Cultural Elites,2021,23
Cultural Elites,2022,31
Cultural Elites,2023,37
Cultural Elites,2024,47
Radical Left,2010,0
Radical Left,2011,0
Radical Left,2012,0
Radical Left,2013,0
Radical Left,2014,0
Radical Left,2015,0
Radical Left,2016,0
Radical Left,2017,1
Radical Left,2018,2
Radical Left,2019,6
Radical Left,2020,34
Radical Left,2021,33
Radical Left,2022,19
Radical Left,2023,34
Radical Left,2024,67
Gay Lobby,2010,0
Gay Lobby,2011,2
Gay Lobby,2012,4
Gay Lobby,2013,26
Gay Lobby,2014,4
Gay Lobby,2015,10
Gay Lobby,2016,21
Gay Lobby,2017,13
Gay Lobby,2018,10
Gay Lobby,2019,38
Gay Lobby,2020,7
Gay Lobby,2021,16
Gay Lobby,2022,15
Gay Lobby,2023,19
Gay Lobby,2024,16
Fake News,2010,0
Fake News,2011,0
Fake News,2012,0
Fake News,2013,0
Fake News,2014,0
Fake News,2015,0
Fake News,2016,9
Fake News,2017,23
Fake News,2018,26
Fake News,2019,11
Fake News,2020,24
Fake News,2021,12
Fake News,2022,21
Fake News,2023,25
Fake News,2024,41
